"Code","orig_name","old_name","name","speciesid"
9,"Achillea millefolium agg.","Achillea millefolium agg.","Achillea millefolium","Ach_mil"
2,"Adonis aestivalis","Adonis aestivalis","Adonis aestivalis","Ado_aes"
3,"Aegopodium podagraria","Aegopodium podagraria","Aegopodium podagraria","Aeg_pod"
4,"Aethusa cynapium subsp. cynapium","Aethusa cynapium subsp. cynapium","Aethusa cynapium","Aet_cyn"
6,"Agrostis capillaris","Agrostis capillaris","Agrostis capillaris","Agr_cap"
5,"Agrimonia eupatoria","Agrimonia eupatoria","Agrimonia eupatoria","Agr_eup"
7,"Agrostis stolonifera","Agrostis stolonifera","Agrostis stolonifera","Agr_sto"
8,"Agrostis vinealis (incl. hybrids with A. capillaris)","Agrostis vinealis","Agrostis vinealis","Agr_vin"
10,"Ajuga genevensis","Ajuga genevensis","Ajuga genevensis","Aju_gen"
11,"Ajuga reptans","Ajuga reptans","Ajuga reptans","Aju_rep"
13,"Allium scorodoprasum","Allium scorodoprasum","Allium scorodoprasum","All_sco"
15,"Alopecurus pratensis","Alopecurus pratensis","Alopecurus pratensis","Alo_pra"
16,"Amaranthus retroflexus","Amaranthus retroflexus","Amaranthus retroflexus","Ama_ret"
18,"Anagallis arvensis","Anagallis arvensis","Anagallis arvensis","Ana_arv"
17,"Anacamptis pyramidalis","Anacamptis pyramidalis","Anacamptis pyramidalis","Ana_pyr"
19,"Anemone sylvestris","Anemone sylvestris","Anemone sylvestris","Ane_syl"
20,"Angelica sylvestris","Angelica sylvestris","Angelica sylvestris","Ang_syl"
22,"Anthoxanthum odoratum","Anthoxanthum odoratum","Anthoxanthum odoratum","Ant_odo"
21,"Anthericum ramosum","Anthericum ramosum","Anthericum ramosum","Ant_ram"
23,"Anthriscus sylvestris","Anthriscus sylvestris","Anthriscus sylvestris","Ant_syl"
24,"Anthyllis vulneraria","Anthyllis vulneraria","Anthyllis vulneraria","Ant_vul"
25,"Apera spica-venti","Apera spica-venti","Apera spica-venti","Ape_spi"
26,"Aquilegia vulgaris","Aquilegia vulgaris","Aquilegia vulgaris","Aqu_vul"
27,"Arabis hirsuta","Arabis hirsuta","Arabis hirsuta","Ara_hir"
29,"Arenaria serpyllifolia agg.","Arenaria serpyllifolia agg.","Arenaria serpyllifolia","Are_ser"
30,"Arrhenatherum elatius","Arrhenatherum elatius","Arrhenatherum elatius","Arr_ela"
31,"Artemisia vulgaris","Artemisia vulgaris","Artemisia vulgaris","Art_vul"
32,"Asarum europaeum","Asarum europaeum","Asarum europaeum","Asa_eur"
33,"Asperula cynanchica","Asperula cynanchica","Asperula cynanchica","Asp_cyn"
34,"Asperula tinctoria","Asperula tinctoria","Asperula tinctoria","Asp_tin"
35,"Aster amellus","Aster amellus","Aster amellus","Ast_ame"
36,"Astragalus cicer","Astragalus cicer","Astragalus cicer","Ast_cic"
37,"Astragalus danicus","Astragalus danicus","Astragalus danicus","Ast_dan"
38,"Astragalus glycyphyllos","Astragalus glycyphyllos","Astragalus glycyphyllos","Ast_gly"
39,"Astrantia major","Astrantia major","Astrantia major","Ast_maj"
40,"Atriplex patula","Atriplex patula","Atriplex patula","Atr_pat"
41,"Atriplex sagittata","Atriplex sagittata","Atriplex sagittata","Atr_sag"
42,"Avena fatua","Avena fatua","Avena fatua","Ave_fat"
44,"Bellis perennis","Bellis perennis","Bellis perennis","Bel_per"
46,"Betula pendula juv.","Betula pendula","Betula pendula","Bet_pen"
47,"Botrychium lunaria","Botrychium lunaria","Botrychium lunaria","Bot_lun"
50,"Brassica napus","Brassica napus","Brassica napus","Bra_nap"
48,"Brachypodium pinnatum","Brachypodium pinnatum","Brachypodium pinnatum","Bra_pin"
49,"Brachypodium sylvaticum","Brachypodium sylvaticum","Brachypodium sylvaticum","Bra_syl"
51,"Briza media","Briza media","Briza media","Bri_med"
52,"Bromus erectus","Bromus erectus","Bromus erectus","Bro_ere"
53,"Bromus hordeaceus (incl. B. commutatus)","Bromus hordeaceus","Bromus hordeaceus","Bro_hor"
54,"Bromus inermis","Bromus inermis","Bromus inermis","Bro_ine"
55,"Bromus japonicus","Bromus japonicus","Bromus japonicus","Bro_jap"
56,"Bromus sterilis","Bromus sterilis","Bromus sterilis","Bro_ste"
57,"Bupleurum falcatum","Bupleurum falcatum","Bupleurum falcatum","Bup_fal"
58,"Calamagrostis arundinacea","Calamagrostis arundinacea","Calamagrostis arundinacea","Cal_aru"
59,"Calamagrostis epigejos","Calamagrostis epigejos","Calamagrostis epigejos","Cal_epi"
60,"Campanula glomerata","Campanula glomerata","Campanula glomerata","Cam_glo"
61,"Campanula patula","Campanula patula","Campanula patula","Cam_pat"
62,"Campanula persicifolia","Campanula persicifolia","Campanula persicifolia","Cam_per"
63,"Campanula rapunculoides","Campanula rapunculoides","Campanula rapunculoides","Cam_rap"
64,"Campanula trachelium","Campanula trachelium","Campanula trachelium","Cam_tra"
65,"Capsella bursa-pastoris","Capsella bursa-pastoris","Capsella bursa-pastoris","Cap_bur"
80,"Carlina acaulis subsp. acaulis","Carlina acaulis subsp. acaulis","Carlina acaulis","Car_aca"
67,"Carduus acanthoides","Carduus acanthoides","Carduus acanthoides","Car_acanth"
82,"Carpinus betulus juv.","Carpinus betulus","Carpinus betulus","Car_bet"
69,"Carex caryophyllea","Carex caryophyllea","Carex caryophyllea","Car_cary"
68,"Carduus crispus","Carduus crispus","Carduus crispus","Car_cri"
70,"Carex digitata","Carex digitata","Carex digitata","Car_dig"
79,"Carex tomentosa","Carex tomentosa","Carex filiformis","Car_fil"
71,"Carex flacca","Carex flacca","Carex flacca","Car_fla"
72,"Carex hirta","Carex hirta","Carex hirta","Car_hir"
73,"Carex michelii","Carex michelii","Carex michelii","Car_mic"
74,"Carex montana","Carex montana","Carex montana","Car_mon"
75,"Carex muricata agg. (usually C. spicata)","Carex muricata agg.","Carex muricata","Car_mur"
76,"Carex pallescens","Carex pallescens","Carex pallescens","Car_pal"
77,"Carex panicea","Carex panicea","Carex panicea","Car_pan"
78,"Carex pilulifera","Carex pilulifera","Carex pilulifera","Car_pil"
66,"Cardamine matthioli","Cardamine matthioli","Cardamine pratensis subsp. matthioli","Car_pra1"
81,"Carlina vulgaris agg.","Carlina vulgaris agg.","Carlina vulgaris","Car_vul"
87,"Centaurium erythraea subsp. erythraea","Centaurium erythraea subsp. erythraea","Centaurium erythraea","Cen_ery"
83,"Centaurea jacea","Centaurea jacea","Centaurea jacea","Cen_jac"
85,"Centaurea stenolepis","Centaurea stenolepis","Centaurea phrygia subsp. stenolepis","Cen_phr1"
84,"Centaurea scabiosa","Centaurea scabiosa","Centaurea scabiosa","Cen_sca"
88,"Cerastium arvense","Cerastium arvense","Cerastium arvense","Cer_arv"
89,"Cerastium brachypetalum agg.","Cerastium brachypetalum agg.","Cerastium brachypetalum","Cer_bra"
90,"Cerastium holosteoides subsp. vulgare","Cerastium holosteoides subsp. vulgare","Cerastium fontanum subsp. vulgare","Cer_fon1"
91,"Chaerophyllum aromaticum","Chaerophyllum aromaticum","Chaerophyllum aromaticum","Cha_aro"
241,"Microrrhinum minus","Microrrhinum minus","Chaenorhinum minus","Cha_min"
92,"Chamaecytisus virescens","Chamaecytisus virescens","Chamaecytisus virescens","Cha_vir"
93,"Chenopodium album agg.","Chenopodium album agg.","Chenopodium album","Che_alb"
94,"Chenopodium polyspermum","Chenopodium polyspermum","Chenopodium polyspermum","Che_pol"
95,"Cichorium intybus","Cichorium intybus","Cichorium intybus","Cic_int"
96,"Cirsium arvense","Cirsium arvense","Cirsium arvense","Cir_arv"
97,"Cirsium canum","Cirsium canum","Cirsium canum","Cir_can"
98,"Cirsium oleraceum","Cirsium oleraceum","Cirsium oleraceum","Cir_ole"
99,"Cirsium palustre","Cirsium palustre","Cirsium palustre","Cir_pal"
100,"Cirsium pannonicum","Cirsium pannonicum","Cirsium pannonicum","Cir_pan"
101,"Cirsium vulgare","Cirsium vulgare","Cirsium vulgare","Cir_vul"
102,"Clematis recta","Clematis recta","Clematis recta","Cle_rec"
103,"Clematis vitalba","Clematis vitalba","Clematis vitalba","Cle_vit"
104,"Clinopodium vulgare","Clinopodium vulgare","Clinopodium vulgare","Cli_vul"
105,"Colchicum autumnale","Colchicum autumnale","Colchicum autumnale","Col_aut"
108,"Convolvulus arvensis","Convolvulus arvensis","Convolvulus arvensis","Con_arv"
107,"Convallaria majalis","Convallaria majalis","Convallaria majalis","Con_maj"
106,"Consolida regalis","Consolida regalis","Consolida regalis","Con_reg"
111,"Corylus avellana","Corylus avellana","Corylus avellana","Cor_ave"
110,"Cornus sanguinea juv.","Cornus sanguinea","Cornus sanguinea","Cor_san"
113,"Crepis biennis","Crepis biennis","Crepis biennis","Cre_bie"
114,"Crepis praemorsa","Crepis praemorsa","Crepis praemorsa","Cre_pra"
115,"Crepis tectorum","Crepis tectorum","Crepis tectorum","Cre_tec"
116,"Cruciata verna","Cruciata verna","Cruciata glabra","Cru_gla"
117,"Cuscuta epithymum","Cuscuta epithymum","Cuscuta epithymum","Cus_epi"
86,"Centaurea triumfetti","Centaurea triumfetti","Cyanus triumfettii","Cya_tri"
118,"Cynosurus cristatus","Cynosurus cristatus","Cynosurus cristatus","Cyn_cri"
119,"Dactylis glomerata subsp. glomerata","Dactylis glomerata subsp. glomerata","Dactylis glomerata","Dac_glo"
120,"Dactylorhiza sambucina","Dactylorhiza sambucina","Dactylorhiza sambucina","Dac_sam"
121,"Danthonia decumbens","Danthonia decumbens","Danthonia decumbens","Dan_dec"
122,"Daucus carota","Daucus carota","Daucus carota","Dau_car"
124,"Deschampsia cespitosa","Deschampsia cespitosa","Deschampsia cespitosa","Des_ces"
123,"Descurainia sophia","Descurainia sophia","Descurainia sophia","Des_sop"
125,"Dianthus armeria","Dianthus armeria","Dianthus armeria","Dia_arm"
126,"Dianthus carthusianorum","Dianthus carthusianorum","Dianthus carthusianorum","Dia_car"
127,"Dipsacus fullonum","Dipsacus fullonum","Dipsacus fullonum","Dip_ful"
128,"Dorycnium pentaphyllum agg.","Dorycnium pentaphyllum agg.","Dorycnium pentaphyllum","Dor_pen"
129,"Dryopteris filix-mas","Dryopteris filix-mas","Dryopteris filix-mas","Dry_fil"
130,"Echinochloa crus-galli","Echinochloa crus-galli","Echinochloa crus-galli","Ech_cru"
131,"Elymus hispidus","Elymus hispidus","Elymus hispidus","Ely_his"
132,"Elymus repens subsp. repens","Elymus repens subsp. repens","Elymus repens","Ely_rep"
133,"Epilobium montanum","Epilobium montanum","Epilobium montanum","Epi_mon"
134,"Epilobium tetragonum agg.","Epilobium tetragonum agg.","Epilobium tetragonum","Epi_tet"
135,"Equisetum arvense","Equisetum arvense","Equisetum arvense","Equ_arv"
136,"Erigeron acris","Erigeron acris","Erigeron acris","Eri_acr"
137,"Erigeron annuus","Erigeron annuus","Erigeron annuus","Eri_ann"
109,"Conyza canadensis","Conyza canadensis","Erigeron canadensis","Eri_can"
138,"Eryngium campestre","Eryngium campestre","Eryngium campestre","Ery_cam"
139,"Erysimum cheiranthoides","Erysimum cheiranthoides","Erysimum cheiranthoides","Ery_che"
140,"Eupatorium cannabinum","Eupatorium cannabinum","Eupatorium cannabinum","Eup_can"
141,"Euphorbia cyparissias","Euphorbia cyparissias","Euphorbia cyparissias","Eup_cyp"
142,"Euphorbia esula subsp. esula","Euphorbia esula subsp. esula","Euphorbia esula","Eup_esu"
148,"Euphorbia virgata","Euphorbia virgata","Euphorbia esula subsp. tommasiniana","Eup_esu1"
143,"Euphorbia exigua","Euphorbia exigua","Euphorbia exigua","Eup_exi"
144,"Euphorbia falcata","Euphorbia falcata","Euphorbia falcata","Eup_fal"
145,"Euphorbia helioscopia","Euphorbia helioscopia","Euphorbia helioscopia","Eup_hel"
146,"Euphorbia illirica","Euphorbia illirica","Euphorbia illirica","Eup_ill"
147,"Euphorbia platyphyllos","Euphorbia platyphyllos","Euphorbia platyphyllos","Eup_pla"
150,"Fallopia convolvulus","Fallopia convolvulus","Fallopia convolvulus","Fal_con"
149,"Falcaria vulgaris","Falcaria vulgaris","Falcaria vulgaris","Fal_vul"
151,"Festuca arundinacea","Festuca arundinacea","Festuca arundinacea","Fes_aru"
153,"Festuca filiformis","Festuca filiformis","Festuca filiformis","Fes_fil"
154,"Festuca pratensis","Festuca pratensis","Festuca pratensis","Fes_pra"
155,"Festuca rubra","Festuca rubra","Festuca rubra","Fes_rub"
156,"Festuca rupicola","Festuca rupicola","Festuca rupicola","Fes_rup"
152,"Festuca cf. brevipila","Festuca brevipila","Festuca trachyphylla","Fes_tra"
158,"Filipendula vulgaris","Filipendula vulgaris","Filipendula vulgaris","Fil_vul"
160,"Fraxinus excelsior juv.","Fraxinus excelsior","Fraxinus excelsior","Fra_exc"
159,"Fragaria viridis (incl. F. vesca)","Fragaria viridis","Fragaria viridis","Fra_viri"
1,"Acer sp. juv.","Acer sp.","Acer spp","G_Ace_spp"
12,"Alchemilla sp.","Alchemilla sp.","Alchemilla spp","G_Alc_spp"
14,"Allium sp. (usually Allium carinatum, less often Allium oleraceum or A. vineale)","Allium sp.","Allium spp","G_All_spp"
28,"Arctium sp.","Arctium sp.","Arctium spp","G_Arc_spp"
112,"Crataegus sp. juv.","Crataegus sp.","Crataegus spp","G_Cra_spp"
157,"×Festulolium sp.","Festulolium sp.","Festulolium spp","G_Fes_spp"
161,"Galeopsis sp.","Galeopsis sp.","Galeopsis spp","G_Gal_spp"
231,"Malus sp. juv.","Malus sp.","Malus spp","G_Malu_spp"
297,"Prunus sp. juv.","Prunus sp.","Prunus spp","G_Pru_spp"
300,"Pyrus sp. juv.","Pyrus sp.","Pyrus spp","G_Pyr_spp"
301,"Quercus sp. juv.","Quercus sp.","Quercus spp","G_Que_spp"
313,"Rosa sp. juv.","Rosa sp.","Rosa spp","G_Ros_spp"
320,"Salix sp. juv.","Salix sp.","Salix spp","G_Sal_spp"
362,"Taraxacum sect. Taraxacum","Taraxacum sp.","Taraxacum spp","G_Tar_spp"
370,"Tilia sp. juv.","Tilia sp.","Tilia spp","G_Til_spp"
394,"Verbascum sp. (V. densiflorum, V. phlomoides or V. thapsus subsp. thapsus)","Verbascum sp.","Verbascum spp","G_Ver_spp"
162,"Galium album","Galium album","Galium album","Gal_alb"
163,"Galium aparine","Galium aparine","Galium aparine","Gal_apa"
164,"Galium boreale subsp. boreale","Galium boreale subsp. boreale","Galium boreale","Gal_bor"
165,"Galium pumilum","Galium pumilum","Galium pumilum","Gal_pum"
166,"Galium verum","Galium verum","Galium verum","Gal_ver"
169,"Gentiana cruciata","Gentiana cruciata","Gentiana cruciata","Gen_cru"
167,"Genista germanica","Genista germanica","Genista germanica","Gen_ger"
170,"Gentiana pneumonanthe","Gentiana pneumonanthe","Gentiana pneumonanthe","Gen_pne"
168,"Genista tinctoria","Genista tinctoria","Genista tinctoria","Gen_tin"
171,"Geranium columbinum","Geranium columbinum","Geranium columbinum","Ger_col"
172,"Geranium dissectum","Geranium dissectum","Geranium dissectum","Ger_dis"
173,"Geranium pratense","Geranium pratense","Geranium pratense","Ger_pra"
174,"Geranium pusillum","Geranium pusillum","Geranium pusillum","Ger_pus"
175,"Geranium sanguineum","Geranium sanguineum","Geranium sanguineum","Ger_san"
176,"Geum urbanum","Geum urbanum","Geum urbanum","Geu_urb"
177,"Gladiolus imbricatus","Gladiolus imbricatus","Gladiolus imbricatus","Gla_imb"
178,"Glechoma hederacea","Glechoma hederacea","Glechoma hederacea","Gle_hed"
179,"Gnaphalium sylvaticum","Gnaphalium sylvaticum","Gnaphalium sylvaticum","Gna_syl"
180,"Gymnadenia conopsea","Gymnadenia conopsea","Gymnadenia conopsea","Gym_con"
181,"Helianthemum grandiflorum subsp. obscurum","Helianthemum grandiflorum subsp. obscurum","Helianthemum ovatum","Hel_ova"
43,"Avenula pubescens","Avenula pubescens","Helictotrichon pubescens","Hel_pub"
182,"Helictochloa pratensis","Helictochloa pratensis","Helictochloa pratensis","Helictoch_pra"
183,"Heracleum sphondylium","Heracleum sphondylium","Heracleum sphondylium","Her_sph"
184,"Hieracium sabaudum","Hieracium sabaudum","Hieracium sabaudum","Hie_sab"
185,"Holcus lanatus","Holcus lanatus","Holcus lanatus","Hol_lan"
186,"Hypericum hirsutum","Hypericum hirsutum","Hypericum hirsutum","Hyp_hir"
189,"Hypochaeris maculata","Hypochaeris maculata","Hypochaeris maculata","Hyp_mac"
187,"Hypericum maculatum","Hypericum maculatum","Hypericum maculatum","Hyp_macul"
188,"Hypericum perforatum","Hypericum perforatum","Hypericum perforatum","Hyp_per"
190,"Hypochaeris radicata","Hypochaeris radicata","Hypochaeris radicata","Hyp_rad"
191,"Inula ensifolia","Inula ensifolia","Inula ensifolia","Inu_ens"
192,"Inula hirta","Inula hirta","Inula hirta","Inu_hir"
193,"Inula salicina subsp. salicina","Inula salicina subsp. salicina","Inula salicina","Inu_sal"
194,"Iris variegata","Iris variegata","Iris variegata","Iri_var"
334,"Senecio jacobaea","Senecio jacobaea","Jacobaea vulgaris","Jac_vul"
195,"Juglans regia juv.","Juglans regia","Juglans regia","Jug_reg"
196,"Kickxia elatine subsp. elatine","Kickxia elatine subsp. elatine","Kickxia elatine","Kic_ela"
197,"Kickxia spuria subsp. spuria","Kickxia spuria subsp. spuria","Kickxia spuria","Kic_spu"
198,"Knautia arvensis agg.","Knautia arvensis agg.","Knautia arvensis","Kna_arv"
199,"Koeleria macrantha","Koeleria macrantha","Koeleria macrantha","Koe_mac"
200,"Koeleria pyramidata","Koeleria pyramidata","Koeleria pyramidata","Koe_pyr"
201,"Lactuca serriola","Lactuca serriola","Lactuca serriola","Lac_ser"
202,"Lamium album","Lamium album","Lamium album","Lam_alb"
203,"Lamium amplexicaule","Lamium amplexicaule","Lamium amplexicaule","Lam_amp"
204,"Lamium purpureum","Lamium purpureum","Lamium purpureum","Lam_pur"
205,"Lapsana communis","Lapsana communis","Lapsana communis","Lap_com"
206,"Laserpitium latifolium","Laserpitium latifolium","Laserpitium latifolium","Las_lat"
207,"Laserpitium prutenicum","Laserpitium prutenicum","Laserpitium prutenicum","Las_pru"
208,"Lathyrus latifolius","Lathyrus latifolius","Lathyrus latifolius","Lat_lat"
209,"Lathyrus niger","Lathyrus niger","Lathyrus niger","Lat_nig"
211,"Lathyrus pannonicus subsp. pannonicus","Lathyrus pannonicus subsp. pannonicus","Lathyrus pannonicus","Lat_pan"
210,"Lathyrus pannonicus subsp. collinus","Lathyrus pannonicus subsp. collinus","Lathyrus pannonicus subsp. collinus","Lat_pan1"
212,"Lathyrus pratensis","Lathyrus pratensis","Lathyrus pratensis","Lat_pra"
213,"Lathyrus tuberosus","Lathyrus tuberosus","Lathyrus tuberosus","Lat_tub"
244,"Muscari comosum","Muscari comosum","Leopoldia comosa","Leo_com"
214,"Leontodon hispidus","Leontodon hispidus","Leontodon hispidus","Leo_his"
215,"Leucanthemum vulgare agg.","Leucanthemum vulgare agg.","Leucanthemum vulgare","Leu_vul"
217,"Ligustrum vulgare juv.","Ligustrum vulgare","Ligustrum vulgare","Lig_vul"
218,"Lilium bulbiferum","Lilium bulbiferum","Lilium bulbiferum","Lil_bul"
219,"Lilium martagon","Lilium martagon","Lilium martagon","Lil_mar"
221,"Linum catharticum","Linum catharticum","Linum catharticum","Lin_cat"
222,"Linum flavum","Linum flavum","Linum flavum","Lin_fla"
220,"Linaria vulgaris","Linaria vulgaris","Linaria vulgaris","Lin_vul"
224,"Lolium multiflorum","Lolium multiflorum","Lolium multiflorum","Lol_mul"
225,"Lolium perenne","Lolium perenne","Lolium perenne","Lol_per"
226,"Lotus corniculatus","Lotus corniculatus","Lotus corniculatus","Lot_cor"
227,"Lotus maritimus","Lotus maritimus","Lotus maritimus","Lot_mar"
228,"Luzula campestris agg.","Luzula campestris agg.","Luzula campestris","Luz_cam"
230,"Lysimachia nummularia","Lysimachia nummularia","Lysimachia nummularia","Lys_num"
232,"Malva sylvestris","Malva sylvestris","Malva sylvestris","Mal_syl"
233,"Medicago falcata","Medicago falcata","Medicago falcata","Med_fal"
234,"Medicago lupulina","Medicago lupulina","Medicago lupulina","Med_lup"
235,"Medicago sativa","Medicago sativa","Medicago sativa","Med_sat"
236,"Melampyrum arvense","Melampyrum arvense","Melampyrum arvense","Mel_arv"
237,"Melampyrum cristatum","Melampyrum cristatum","Melampyrum cristatum","Mel_cri"
238,"Melampyrum nemorosum","Melampyrum nemorosum","Melampyrum nemorosum","Mel_nemo"
239,"Melilotus officinalis","Melilotus officinalis","Melilotus officinalis","Mel_off"
240,"Mentha arvensis","Mentha arvensis","Mentha arvensis","Men_arv"
243,"Molinia arundinacea","Molinia arundinacea","Molinia caerulea","Mol_cae"
245,"Myosotis arvensis","Myosotis arvensis","Myosotis arvensis","Myo_arv"
223,"Listera ovata","Listera ovata","Neottia ovata","Neo_ova"
253,"Orchis ustulata var. aestivalis","Orchis ustulata var. aestivalis","Neotinea ustulata var. aestivalis","Neo_ust"
246,"Neslia paniculata","Neslia paniculata","Neslia paniculata","Nes_pan"
247,"Odontites vernus subsp. serotinus","Odontites vernus subsp. serotinus","Odontites vernus subsp. salinus","Odo_ver1"
249,"Ononis spinosa subsp. spinosa","Ononis spinosa subsp. spinosa","Ononis spinosa","Ono_spi"
248,"Onobrychis viciifolia agg.","Onobrychis viciifolia agg.","Onobrychis viciifolia","Ono_vic"
250,"Ophioglossum vulgatum","Ophioglossum vulgatum","Ophioglossum vulgatum","Oph_vul"
251,"Orchis mascula subsp. speciosa","Orchis mascula subsp. speciosa","Orchis mascula subsp. speciosa","Orc_mas1"
252,"Orchis pallens","Orchis pallens","Orchis pallens","Orc_pal"
254,"Origanum vulgare","Origanum vulgare","Origanum vulgare","Ori_vul"
255,"Ornithogalum kochii","Ornithogalum kochii","Ornithogalum orthophyllum subsp. kochii","Orn_ort1"
256,"Oxalis stricta","Oxalis stricta","Oxalis stricta","Oxa_str"
257,"Papaver rhoeas","Papaver rhoeas","Papaver rhoeas","Pap_rho"
258,"Pastinaca sativa","Pastinaca sativa","Pastinaca sativa","Pas_sat"
259,"Persicaria lapathifolia","Persicaria lapathifolia","Persicaria lapathifolia","Per_lap"
260,"Peucedanum alsaticum","Peucedanum alsaticum","Peucedanum alsaticum","Peu_als"
261,"Peucedanum cervaria","Peucedanum cervaria","Peucedanum cervaria","Peu_cer"
262,"Phleum phleoides","Phleum phleoides","Phleum phleoides","Phl_phl"
263,"Phleum pratense agg.","Phleum pratense agg.","Phleum pratense","Phl_pra"
264,"Phragmites australis","Phragmites australis","Phragmites australis","Phr_aus"
265,"Picea abies juv.","Picea abies","Picea abies","Pic_abi"
266,"Picris hieracioides","Picris hieracioides","Picris hieracioides","Pic_hie"
268,"Pilosella officinarum","Pilosella officinarum","Pilosella officinarum","Pil_off"
267,"Pilosella bauhini s. l. (mostly P. bauhini and P. densiflora)","Pilosella bauhini","Pilosella piloselloides subsp. bauhinii","Pil_pil1"
269,"Pimpinella major","Pimpinella major","Pimpinella major","Pim_maj"
270,"Pimpinella saxifraga","Pimpinella saxifraga","Pimpinella saxifraga","Pim_sax"
271,"Pinus sylvestris juv.","Pinus sylvestris","Pinus sylvestris","Pin_syl"
275,"Platanthera bifolia","Platanthera bifolia","Platanthera bifolia","Pla_bif"
272,"Plantago lanceolata","Plantago lanceolata","Plantago lanceolata","Pla_lan"
273,"Plantago major agg.","Plantago major agg.","Plantago major","Pla_maj"
274,"Plantago media","Plantago media","Plantago media","Pla_med"
276,"Poa annua","Poa annua","Poa annua","Poa_ann"
277,"Poa compressa","Poa compressa","Poa compressa","Poa_com"
278,"Poa palustris","Poa palustris","Poa palustris","Poa_pal"
279,"Poa pratensis agg.","Poa pratensis agg.","Poa pratensis","Poa_pra"
280,"Poa trivialis","Poa trivialis","Poa trivialis","Poa_tri"
329,"Scorzonera purpurea","Scorzonera purpurea","Podospermum purpureum","Pod_pur"
285,"Polygonum aviculare agg.","Polygonum aviculare agg.","Polygonum aviculare","Pol_avi"
281,"Polygala comosa","Polygala comosa","Polygala comosa","Pol_com"
282,"Polygala major","Polygala major","Polygala major","Pol_maj"
284,"Polygonatum odoratum","Polygonatum odoratum","Polygonatum odoratum","Pol_odo"
283,"Polygala vulgaris agg.","Polygala vulgaris agg.","Polygala vulgaris","Pol_vul"
286,"Populus tremula juv.","Populus tremula","Populus tremula","Pop_tre"
287,"Potentilla alba","Potentilla alba","Potentilla alba","Pot_alb"
288,"Potentilla anserina","Potentilla anserina","Potentilla anserina","Pot_ans"
289,"Potentilla argentea","Potentilla argentea","Potentilla argentea","Pot_arg"
290,"Potentilla erecta","Potentilla erecta","Potentilla erecta","Pot_ere"
291,"Potentilla heptaphylla","Potentilla heptaphylla","Potentilla heptaphylla","Pot_hep"
292,"Potentilla reptans","Potentilla reptans","Potentilla reptans","Pot_rep"
293,"Primula veris","Primula veris","Primula veris","Pri_ver"
294,"Prunella grandiflora","Prunella grandiflora","Prunella grandiflora","Pru_gra"
295,"Prunella laciniata","Prunella laciniata","Prunella laciniata","Pru_lac"
296,"Prunella vulgaris","Prunella vulgaris","Prunella vulgaris","Pru_vul"
298,"Pulmonaria angustifolia","Pulmonaria angustifolia","Pulmonaria angustifolia","Pul_ang"
299,"Pulmonaria mollis","Pulmonaria mollis","Pulmonaria mollis","Pul_mol"
302,"Ranunculus acris subsp. acris","Ranunculus acris subsp. acris","Ranunculus acris","Ran_acr"
303,"Ranunculus arvensis","Ranunculus arvensis","Ranunculus arvensis","Ran_arv"
304,"Ranunculus auricomus agg.","Ranunculus auricomus agg.","Ranunculus auricomus","Ran_aur"
305,"Ranunculus bulbosus","Ranunculus bulbosus","Ranunculus bulbosus","Ran_bul"
306,"Ranunculus polyanthemos","Ranunculus polyanthemos","Ranunculus polyanthemos","Ran_pol"
307,"Ranunculus repens","Ranunculus repens","Ranunculus repens","Ran_rep"
308,"Raphanus raphanistrum","Raphanus raphanistrum","Raphanus raphanistrum","Rap_rap"
309,"Reseda lutea","Reseda lutea","Reseda lutea","Res_lutea"
310,"Rhamnus cathartica juv.","Rhamnus cathartica","Rhamnus cathartica","Rha_cat"
311,"Rhinanthus major","Rhinanthus major","Rhinanthus major","Rhi_maj"
312,"Rhinanthus minor","Rhinanthus minor","Rhinanthus minor","Rhi_min"
314,"Rubus caesius","Rubus caesius","Rubus caesius","Rub_cae"
315,"Rubus fruticosus agg. (R. subg. Rubus excl. Rubus caesius","Rubus fruticosus agg.","Rubus vestitus","Rub_ves"
317,"Rumex acetosella","Rumex acetosella","Rumex acetosella","Rum_ace"
316,"Rumex acetosa","Rumex acetosa","Rumex acetosa","Rum_acetosa"
318,"Rumex crispus","Rumex crispus","Rumex crispus","Rum_cri"
319,"Rumex obtusifolius","Rumex obtusifolius","Rumex obtusifolius","Rum_obt"
321,"Salvia pratensis","Salvia pratensis","Salvia pratensis","Sal_pra"
322,"Salvia verticillata","Salvia verticillata","Salvia verticillata","Sal_ver"
323,"Sambucus nigra juv.","Sambucus nigra","Sambucus nigra","Sam_nig"
324,"Sanguisorba minor","Sanguisorba minor","Sanguisorba minor","San_min"
325,"Sanguisorba officinalis","Sanguisorba officinalis","Sanguisorba officinalis","San_off"
326,"Saxifraga bulbifera","Saxifraga bulbifera","Saxifraga bulbifera","Sax_bul"
327,"Scabiosa ochroleuca","Scabiosa ochroleuca","Scabiosa ochroleuca","Sca_och"
330,"Scorzoneroides autumnalis","Scorzoneroides autumnalis","Scorzoneroides autumnalis","Sco_aut"
328,"Scorzonera hispanica","Scorzonera hispanica","Scorzonera hispanica","Sco_his"
331,"Scrophularia nodosa","Scrophularia nodosa","Scrophularia nodosa","Scr_nod"
332,"Securigera varia","Securigera varia","Securigera varia","Sec_var"
333,"Sedum sexangulare","Sedum sexangulare","Sedum sexangulare","Sed_sex"
335,"Senecio vulgaris","Senecio vulgaris","Senecio vulgaris","Sen_vul"
336,"Serratula tinctoria","Serratula tinctoria","Serratula tinctoria","Ser_tin"
216,"Libanotis pyrenaica","Libanotis pyrenaica","Seseli libanotis","Ses_lib"
337,"Setaria pumila","Setaria pumila","Setaria pumila","Set_pum"
338,"Setaria viridis","Setaria viridis","Setaria viridis","Set_vir"
339,"Sherardia arvensis","Sherardia arvensis","Sherardia arvensis","She_arv"
229,"Lychnis flos-cuculi","Lychnis flos-cuculi","Silene flos-cuculi","Sil_flo"
341,"Silene latifolia subsp. alba","Silene latifolia subsp. alba","Silene latifolia subsp. alba","Sil_lat1"
342,"Silene noctiflora","Silene noctiflora","Silene noctiflora","Sil_noc"
343,"Silene nutans","Silene nutans","Silene nutans","Sil_nut"
340,"Silaum silaus","Silaum silaus","Silaum silaus","Sil_sil"
418,"Viscaria vulgaris","Viscaria vulgaris","Silene viscaria","Sil_visca"
344,"Silene vulgaris","Silene vulgaris","Silene vulgaris","Sil_vul"
345,"Sinapis alba","Sinapis alba","Sinapis alba","Sin_alb"
346,"Sinapis arvensis","Sinapis arvensis","Sinapis arvensis","Sin_arv"
347,"Solanum nigrum","Solanum nigrum","Solanum americanum","Sol_ame"
348,"Solidago virgaurea subsp. virgaurea","Solidago virgaurea subsp. virgaurea","Solidago virgaurea","Sol_vir"
349,"Sonchus arvensis","Sonchus arvensis","Sonchus arvensis","Son_arv"
350,"Sonchus asper","Sonchus asper","Sonchus asper","Son_asp"
351,"Sonchus oleraceus","Sonchus oleraceus","Sonchus oleraceus","Son_ole"
352,"Stachys annua","Stachys annua","Stachys annua","Sta_ann"
45,"Betonica officinalis","Betonica officinalis","Stachys officinalis","Sta_off"
353,"Stachys palustris","Stachys palustris","Stachys palustris","Sta_pal"
354,"Stachys recta","Stachys recta","Stachys recta","Sta_rec"
355,"Stellaria graminea","Stellaria graminea","Stellaria graminea","Ste_gra"
356,"Stellaria media","Stellaria media","Stellaria media","Ste_med"
357,"Succisa pratensis","Succisa pratensis","Succisa pratensis","Suc_pra"
358,"Symphytum officinale","Symphytum officinale","Symphytum officinale","Sym_off"
359,"Symphytum tuberosum","Symphytum tuberosum","Symphytum tuberosum","Sym_tub"
360,"Tanacetum corymbosum","Tanacetum corymbosum","Tanacetum corymbosum","Tan_cor"
361,"Tanacetum vulgare","Tanacetum vulgare","Tanacetum vulgare","Tan_vul"
363,"Teucrium chamaedrys","Teucrium chamaedrys","Teucrium chamaedrys","Teu_cha"
364,"Thalictrum lucidum","Thalictrum lucidum","Thalictrum lucidum","Tha_luc"
365,"Thalictrum simplex subsp. galioides","Thalictrum simplex subsp. galioides","Thalictrum simplex subsp. galioides","Tha_sim1"
366,"Thesium linophyllon","Thesium linophyllon","Thesium linophyllon","The_lin"
367,"Thlaspi arvense","Thlaspi arvense","Thlaspi arvense","Thl_arv"
242,"Microthlaspi perfoliatum","Microthlaspi perfoliatum","Thlaspi perfoliatum","Thl_per"
369,"Thymus pulegioides","Thymus pulegioides","Thymus pulegioides","Thy_pul"
368,"Thymus pannonicus","Thymus pannonicus","Thymus pulegioides subsp. pannonicus","Thy_pul1"
371,"Torilis japonica","Torilis japonica","Torilis japonica","Tor_jap"
372,"Tragopogon dubius","Tragopogon dubius","Tragopogon dubius","Tra_dub"
374,"Traunsteinera globosa","Traunsteinera globosa","Traunsteinera globosa","Tra_glo"
373,"Tragopogon orientalis","Tragopogon orientalis","Tragopogon orientalis","Tra_ori"
389,"Triticum aestivum","Triticum aestivum","Triticum aestivum","Tri_aes"
375,"Trifolium alpestre","Trifolium alpestre","Trifolium alpestre","Tri_alp"
376,"Trifolium arvense","Trifolium arvense","Trifolium arvense","Tri_arv"
377,"Trifolium campestre","Trifolium campestre","Trifolium campestre","Tri_cam"
378,"Trifolium dubium","Trifolium dubium","Trifolium dubium","Tri_dub"
388,"Trisetum flavescens","Trisetum flavescens","Trisetum flavescens","Tri_fla"
379,"Trifolium hybridum","Trifolium hybridum","Trifolium hybridum","Tri_hyb"
380,"Trifolium incarnatum","Trifolium incarnatum","Trifolium incarnatum","Tri_inc"
387,"Tripleurospermum inodorum","Tripleurospermum inodorum","Tripleurospermum inodorum","Tri_ino"
381,"Trifolium medium","Trifolium medium","Trifolium medium","Tri_med"
382,"Trifolium montanum","Trifolium montanum","Trifolium montanum","Tri_mont"
383,"Trifolium ochroleucon","Trifolium ochroleucon","Trifolium ochroleucon","Tri_och"
384,"Trifolium pratense","Trifolium pratense","Trifolium pratense","Tri_pra"
385,"Trifolium repens","Trifolium repens","Trifolium repens","Tri_rep"
386,"Trifolium rubens","Trifolium rubens","Trifolium rubens","Tri_rub"
390,"Tussilago farfara","Tussilago farfara","Tussilago farfara","Tus_far"
391,"Urtica dioica","Urtica dioica","Urtica dioica","Urt_dio"
392,"Valeriana officinalis agg.","Valeriana officinalis agg.","Valeriana officinalis","Val_off"
395,"Veronica anagallis-aquatica","Veronica anagallis-aquatica","Veronica anagallis-aquatica","Ver_ana"
396,"Veronica arvensis","Veronica arvensis","Veronica arvensis","Ver_arv"
404,"Veronica teucrium","Veronica teucrium","Veronica austriaca subsp. teucrium","Ver_aus1"
397,"Veronica chamaedrys agg.","Veronica chamaedrys agg.","Veronica chamaedrys","Ver_cha"
393,"Verbascum chaixii subsp. austriacum","Verbascum chaixii subsp. austriacum","Verbascum chaixii subsp. austriacum","Ver_cha1"
400,"Veronica persica","Veronica persica","Veronica persica","Ver_per"
401,"Veronica polita","Veronica polita","Veronica polita","Ver_pol"
402,"Veronica serpyllifolia","Veronica serpyllifolia","Veronica serpyllifolia","Ver_ser"
403,"Veronica spicata subsp. spicata","Veronica spicata subsp. spicata","Veronica spicata","Ver_spi"
399,"Veronica orchidea","Veronica orchidea","Veronica spicata subsp. orchidea","Ver_spi1"
398,"Veronica officinalis","Veronica officinalis","Veronica officinalis","Vero_off"
406,"Vicia cracca","Vicia cracca","Vicia cracca","Vic_cra"
407,"Vicia hirsuta","Vicia hirsuta","Vicia hirsuta","Vic_hir"
405,"Vicia angustifolia","Vicia angustifolia","Vicia sativa subsp. nigra","Vic_sat1"
408,"Vicia sepium","Vicia sepium","Vicia sepium","Vic_sep"
409,"Vicia tenuifolia","Vicia tenuifolia","Vicia tenuifolia","Vic_ten"
410,"Vicia tetrasperma","Vicia tetrasperma","Vicia tetrasperma","Vic_tet"
411,"Vicia villosa","Vicia villosa","Vicia villosa","Vic_vil"
412,"Vincetoxicum hirundinaria","Vincetoxicum hirundinaria","Vincetoxicum hirundinaria","Vin_hir"
413,"Viola arvensis","Viola arvensis","Viola arvensis","Vio_arv"
414,"Viola canina","Viola canina","Viola canina","Vio_can"
415,"Viola hirta","Viola hirta","Viola hirta","Vio_hir"
416,"Viola reichenbachiana","Viola reichenbachiana","Viola reichenbachiana","Vio_rei"
417,"Viola riviniana","Viola riviniana","Viola riviniana","Vio_riv"
